# ************************************************************
# Sequel Pro SQL dump
# Version 4529
#
# http://www.sequelpro.com/
# https://github.com/sequelpro/sequelpro
#
# Hôte: 127.0.0.1 (MySQL 5.6.22-log)
# Base de données: elasticms
# Temps de génération: 2016-02-24 08:40:47 +0000
# ************************************************************


/*!40101 SET @OLD_CHARACTER_SET_CLIENT=@@CHARACTER_SET_CLIENT */;
/*!40101 SET @OLD_CHARACTER_SET_RESULTS=@@CHARACTER_SET_RESULTS */;
/*!40101 SET @OLD_COLLATION_CONNECTION=@@COLLATION_CONNECTION */;
/*!40101 SET NAMES utf8 */;
/*!40014 SET @OLD_FOREIGN_KEY_CHECKS=@@FOREIGN_KEY_CHECKS, FOREIGN_KEY_CHECKS=0 */;
/*!40101 SET @OLD_SQL_MODE=@@SQL_MODE, SQL_MODE='NO_AUTO_VALUE_ON_ZERO' */;
/*!40111 SET @OLD_SQL_NOTES=@@SQL_NOTES, SQL_NOTES=0 */;


# Affichage de la table content_type
# ------------------------------------------------------------

DROP TABLE IF EXISTS `content_type`;

CREATE TABLE `content_type` (
  `id` bigint(20) NOT NULL AUTO_INCREMENT,
  `field_types_id` int(11) DEFAULT NULL,
  `created` datetime NOT NULL,
  `modified` datetime NOT NULL,
  `name` varchar(100) COLLATE utf8_unicode_ci NOT NULL,
  `pluralName` varchar(100) COLLATE utf8_unicode_ci NOT NULL,
  `icon` varchar(100) COLLATE utf8_unicode_ci DEFAULT NULL,
  `alias` varchar(100) COLLATE utf8_unicode_ci NOT NULL,
  `description` longtext COLLATE utf8_unicode_ci,
  `indexTwig` longtext COLLATE utf8_unicode_ci,
  `lockBy` varchar(100) COLLATE utf8_unicode_ci DEFAULT NULL,
  `lockUntil` datetime DEFAULT NULL,
  `circles` longtext COLLATE utf8_unicode_ci COMMENT '(DC2Type:simple_array)',
  `deleted` tinyint(1) NOT NULL,
  `color` varchar(50) COLLATE utf8_unicode_ci DEFAULT NULL,
  `labelField` varchar(100) COLLATE utf8_unicode_ci DEFAULT NULL,
  `parentField` varchar(100) COLLATE utf8_unicode_ci DEFAULT NULL,
  `userField` varchar(100) COLLATE utf8_unicode_ci DEFAULT NULL,
  `dateField` varchar(100) COLLATE utf8_unicode_ci DEFAULT NULL,
  `startDateField` varchar(100) COLLATE utf8_unicode_ci DEFAULT NULL,
  `endDateField` varchar(100) COLLATE utf8_unicode_ci DEFAULT NULL,
  `locationField` varchar(100) COLLATE utf8_unicode_ci DEFAULT NULL,
  `ouuidField` varchar(100) COLLATE utf8_unicode_ci DEFAULT NULL,
  `imageField` varchar(100) COLLATE utf8_unicode_ci DEFAULT NULL,
  `videoField` varchar(100) COLLATE utf8_unicode_ci DEFAULT NULL,
  `orderKey` int(11) NOT NULL,
  `rootContentType` tinyint(1) NOT NULL,
  `active` tinyint(1) NOT NULL,
  `environment_id` int(11) DEFAULT NULL,
  PRIMARY KEY (`id`),
  UNIQUE KEY `UNIQ_41BCBAEC588AB49A` (`field_types_id`),
  KEY `IDX_41BCBAEC903E3A94` (`environment_id`),
  CONSTRAINT `FK_41BCBAEC588AB49A` FOREIGN KEY (`field_types_id`) REFERENCES `field_type` (`id`),
  CONSTRAINT `FK_41BCBAEC903E3A94` FOREIGN KEY (`environment_id`) REFERENCES `environment` (`id`)
) ENGINE=InnoDB DEFAULT CHARSET=utf8 COLLATE=utf8_unicode_ci;

LOCK TABLES `content_type` WRITE;
/*!40000 ALTER TABLE `content_type` DISABLE KEYS */;

INSERT INTO `content_type` (`id`, `field_types_id`, `created`, `modified`, `name`, `pluralName`, `icon`, `alias`, `description`, `indexTwig`, `lockBy`, `lockUntil`, `circles`, `deleted`, `color`, `labelField`, `parentField`, `userField`, `dateField`, `startDateField`, `endDateField`, `locationField`, `ouuidField`, `imageField`, `videoField`, `orderKey`, `rootContentType`, `active`, `environment_id`)
VALUES
	(1,1,'2016-01-01 00:00:00','2016-01-01 00:00:00','label','labels','fa fa-key','draft','Translation keys','<ul>	\n	<li>Key: {{ source.key }}</li>\n	<li>English: <b>{{ source.value_en }}</b></li>\n	<li>French: <b>{{ source.value_fr }}</b></li>\n	<li>Nederlands: <b>{{ source.value_nl }}</b></li>\n</ul>',NULL,NULL,NULL,0,'red','value_en',NULL,NULL,NULL,NULL,NULL,NULL,NULL,NULL,NULL,0,1,1,42),
	(2,9,'2016-01-01 00:00:00','2016-01-01 00:00:00','rich_text','rich_texts','fa fa-html5','draft','WYSIWYG fields',NULL,NULL,NULL,NULL,0,'purple',NULL,NULL,NULL,NULL,NULL,NULL,NULL,NULL,NULL,NULL,0,1,1,42),
	(3,NULL,'2016-02-19 10:19:00','2016-02-19 10:19:00','flight','flights',NULL,'draft',NULL,NULL,NULL,NULL,NULL,0,NULL,NULL,NULL,NULL,NULL,NULL,NULL,NULL,NULL,NULL,NULL,0,1,0,42),
	(4,NULL,'2016-02-23 13:20:01','2016-02-23 13:20:01','version','versions',NULL,'aperture',NULL,'<div class=\"row\">\n	<div class=\"col-sm-2\">\n		<img class=\"img-responsive\" src=\"http://global.theus.be/img/fr/{{ object._id }}/thumb.jpg\" alt=\"Photo\">\n	</div>\n<div class=\"col-sm-10\">\n	This series was taken <strong>{{ object._source.date|date(\"d M Y\") }}</strong>\n	{% if object._source.artist  is defined %}n		by <strong>{{ object._source.artist }}</strong>\n	{% endif %}\n	(see it on <a href=\"http://global.theus.be/fr/galleries/version/{{ object._id }}\" target=\"_blank\">GlobalView</a>)\n		<ul>\n			<li>Rating:\n				{% for i in 0..object._source.rating %}\n    					<i class=\"fa fa-fw fa-star\"></i>\n				{% endfor %}\n			</li>\n			<li>Name: {{ object._source.name }}</li>\n			<li>Pixel size: {{ object._source.pixel_size }}</li>\n			<li>Project: {{ object._source.project_name }}</li>\n			{% if object. _source.model  is defined %}\n				<li>Model: {{ object._source.model }}</li>\n			{% endif %}\n			{% if object. _source.lens_model  is defined %}\n				<li>Lens: {{ object._source.lens_model }}</li>\n			{% endif %}\n		</ul>\n\n	</div>\n</div>',NULL,NULL,NULL,0,NULL,'name',NULL,NULL,NULL,NULL,NULL,'location',NULL,NULL,NULL,0,1,1,NULL),
	(5,NULL,'2016-02-24 09:38:20','2016-02-24 09:38:20','contact','adress book',NULL,'draft',NULL,NULL,NULL,NULL,NULL,0,NULL,NULL,NULL,NULL,NULL,NULL,NULL,NULL,NULL,NULL,NULL,0,1,0,NULL);

/*!40000 ALTER TABLE `content_type` ENABLE KEYS */;
UNLOCK TABLES;


# Affichage de la table data_field
# ------------------------------------------------------------

DROP TABLE IF EXISTS `data_field`;

CREATE TABLE `data_field` (
  `id` int(11) NOT NULL AUTO_INCREMENT,
  `field_type_id` int(11) DEFAULT NULL,
  `parent_id` int(11) DEFAULT NULL,
  `created` datetime NOT NULL,
  `modified` datetime NOT NULL,
  `integer_value` bigint(20) DEFAULT NULL,
  `float_value` double DEFAULT NULL,
  `date_value` datetime DEFAULT NULL,
  `text_value` longtext COLLATE utf8_unicode_ci,
  `sha1` varbinary(20) DEFAULT NULL,
  `language` varchar(255) COLLATE utf8_unicode_ci DEFAULT NULL,
  `orderKey` int(11) NOT NULL,
  `revision_id` int(11) DEFAULT NULL,
  PRIMARY KEY (`id`),
  KEY `IDX_154A89C72B68A933` (`field_type_id`),
  KEY `IDX_154A89C7727ACA70` (`parent_id`),
  CONSTRAINT `FK_154A89C72B68A933` FOREIGN KEY (`field_type_id`) REFERENCES `field_type` (`id`),
  CONSTRAINT `FK_154A89C7727ACA70` FOREIGN KEY (`parent_id`) REFERENCES `data_field` (`id`)
) ENGINE=InnoDB DEFAULT CHARSET=utf8 COLLATE=utf8_unicode_ci;

LOCK TABLES `data_field` WRITE;
/*!40000 ALTER TABLE `data_field` DISABLE KEYS */;

INSERT INTO `data_field` (`id`, `field_type_id`, `parent_id`, `created`, `modified`, `integer_value`, `float_value`, `date_value`, `text_value`, `sha1`, `language`, `orderKey`, `revision_id`)
VALUES
	(1,1,NULL,'2016-02-19 21:18:56','2016-02-19 21:18:56',NULL,NULL,NULL,NULL,NULL,NULL,0,NULL),
	(2,4,1,'2016-02-19 21:18:56','2016-02-22 09:49:50',NULL,NULL,NULL,'AVL7L3FigEQtjLergsxk',NULL,NULL,0,NULL),
	(3,5,1,'2016-02-19 21:18:56','2016-02-19 21:18:56',NULL,NULL,NULL,NULL,NULL,NULL,0,NULL),
	(4,6,3,'2016-02-19 21:18:56','2016-02-19 21:18:56',NULL,NULL,NULL,'a',NULL,NULL,0,NULL),
	(5,7,3,'2016-02-19 21:18:56','2016-02-19 21:18:56',NULL,NULL,NULL,'b',NULL,NULL,0,NULL),
	(6,8,3,'2016-02-19 21:18:56','2016-02-19 21:18:56',NULL,NULL,NULL,'c',NULL,NULL,0,NULL),
	(7,1,NULL,'2016-02-19 21:20:44','2016-02-19 21:20:44',NULL,NULL,NULL,NULL,NULL,NULL,0,NULL),
	(8,4,7,'2016-02-19 21:20:44','2016-02-22 09:50:00',NULL,NULL,NULL,'AVL7MRj5gEQtjLergsxl',NULL,NULL,0,NULL),
	(9,5,7,'2016-02-19 21:20:44','2016-02-19 21:20:44',NULL,NULL,NULL,NULL,NULL,NULL,0,NULL),
	(10,6,9,'2016-02-19 21:20:44','2016-02-19 21:20:44',NULL,NULL,NULL,'en',NULL,NULL,0,NULL),
	(11,7,9,'2016-02-19 21:20:44','2016-02-19 21:20:44',NULL,NULL,NULL,'fr',NULL,NULL,0,NULL),
	(12,8,9,'2016-02-19 21:20:44','2016-02-19 21:20:44',NULL,NULL,NULL,'nl',NULL,NULL,0,NULL),
	(13,1,NULL,'2016-02-19 21:30:50','2016-02-19 21:30:50',NULL,NULL,NULL,NULL,NULL,NULL,0,NULL),
	(14,4,13,'2016-02-19 21:30:50','2016-02-19 21:30:50',NULL,NULL,NULL,NULL,NULL,NULL,0,NULL),
	(15,5,13,'2016-02-19 21:30:50','2016-02-19 21:30:50',NULL,NULL,NULL,NULL,NULL,NULL,0,NULL),
	(16,6,15,'2016-02-19 21:30:50','2016-02-19 21:30:50',NULL,NULL,NULL,'a',NULL,NULL,0,NULL),
	(17,7,15,'2016-02-19 21:30:50','2016-02-19 21:30:50',NULL,NULL,NULL,'f',NULL,NULL,0,NULL),
	(18,8,15,'2016-02-19 21:30:50','2016-02-19 21:30:50',NULL,NULL,NULL,'g',NULL,NULL,0,NULL),
	(19,1,NULL,'2016-02-19 21:31:25','2016-02-19 21:31:25',NULL,NULL,NULL,NULL,NULL,NULL,0,NULL),
	(20,4,19,'2016-02-19 21:31:25','2016-02-19 21:31:25',NULL,NULL,NULL,NULL,NULL,NULL,0,NULL),
	(21,5,19,'2016-02-19 21:31:25','2016-02-19 21:31:25',NULL,NULL,NULL,NULL,NULL,NULL,0,NULL),
	(22,6,21,'2016-02-19 21:31:25','2016-02-19 21:31:25',NULL,NULL,NULL,'afadfasdfa',NULL,NULL,0,NULL),
	(23,7,21,'2016-02-19 21:31:25','2016-02-19 21:31:25',NULL,NULL,NULL,'afdsfsadf',NULL,NULL,0,NULL),
	(24,8,21,'2016-02-19 21:31:25','2016-02-19 21:31:25',NULL,NULL,NULL,'adfsdfasdfs',NULL,NULL,0,NULL),
	(25,1,NULL,'2016-02-19 21:32:57','2016-02-19 21:32:57',NULL,NULL,NULL,NULL,NULL,NULL,0,NULL),
	(26,4,25,'2016-02-19 21:32:57','2016-02-19 21:32:57',NULL,NULL,NULL,NULL,NULL,NULL,0,NULL),
	(27,5,25,'2016-02-19 21:32:57','2016-02-19 21:32:57',NULL,NULL,NULL,NULL,NULL,NULL,0,NULL),
	(28,6,27,'2016-02-19 21:32:57','2016-02-19 21:32:57',NULL,NULL,NULL,'dddd',NULL,NULL,0,NULL),
	(29,7,27,'2016-02-19 21:32:57','2016-02-19 21:32:57',NULL,NULL,NULL,'ddddd',NULL,NULL,0,NULL),
	(30,8,27,'2016-02-19 21:32:57','2016-02-19 21:32:57',NULL,NULL,NULL,'dddd',NULL,NULL,0,NULL),
	(31,1,NULL,'2016-02-19 21:34:45','2016-02-19 21:34:45',NULL,NULL,NULL,NULL,NULL,NULL,0,NULL),
	(32,4,31,'2016-02-19 21:34:45','2016-02-19 21:34:45',NULL,NULL,NULL,NULL,NULL,NULL,0,NULL),
	(33,5,31,'2016-02-19 21:34:45','2016-02-19 21:34:45',NULL,NULL,NULL,NULL,NULL,NULL,0,NULL),
	(34,6,33,'2016-02-19 21:34:45','2016-02-19 21:34:45',NULL,NULL,NULL,'sdssdsd',NULL,NULL,0,NULL),
	(35,7,33,'2016-02-19 21:34:45','2016-02-19 21:34:45',NULL,NULL,NULL,'sdsddsdsds',NULL,NULL,0,NULL),
	(36,8,33,'2016-02-19 21:34:45','2016-02-19 21:34:45',NULL,NULL,NULL,'sdsdds',NULL,NULL,0,NULL),
	(37,1,NULL,'2016-02-19 21:35:13','2016-02-19 21:35:13',NULL,NULL,NULL,NULL,NULL,NULL,0,NULL),
	(38,4,37,'2016-02-19 21:35:13','2016-02-19 21:35:13',NULL,NULL,NULL,NULL,NULL,NULL,0,NULL),
	(39,5,37,'2016-02-19 21:35:13','2016-02-19 21:35:13',NULL,NULL,NULL,NULL,NULL,NULL,0,NULL),
	(40,6,39,'2016-02-19 21:35:13','2016-02-19 21:35:13',NULL,NULL,NULL,'sdsdsd',NULL,NULL,0,NULL),
	(41,7,39,'2016-02-19 21:35:13','2016-02-19 21:35:13',NULL,NULL,NULL,'sdsdsdsd',NULL,NULL,0,NULL),
	(42,8,39,'2016-02-19 21:35:13','2016-02-19 21:35:13',NULL,NULL,NULL,'sdsdsdsdds',NULL,NULL,0,NULL),
	(43,1,NULL,'2016-02-19 21:52:11','2016-02-19 21:52:11',NULL,NULL,NULL,NULL,NULL,NULL,0,NULL),
	(44,4,43,'2016-02-19 21:52:11','2016-02-19 21:52:11',NULL,NULL,NULL,NULL,NULL,NULL,0,NULL),
	(45,5,43,'2016-02-19 21:52:11','2016-02-19 21:52:11',NULL,NULL,NULL,NULL,NULL,NULL,0,NULL),
	(46,6,45,'2016-02-19 21:52:11','2016-02-19 21:52:11',NULL,NULL,NULL,'ssss',NULL,NULL,0,NULL),
	(47,7,45,'2016-02-19 21:52:11','2016-02-19 21:52:11',NULL,NULL,NULL,'ssss',NULL,NULL,0,NULL),
	(48,8,45,'2016-02-19 21:52:11','2016-02-19 21:52:11',NULL,NULL,NULL,'ssssss',NULL,NULL,0,NULL),
	(49,1,NULL,'2016-02-19 21:58:51','2016-02-19 21:58:51',NULL,NULL,NULL,NULL,NULL,NULL,0,NULL),
	(50,4,49,'2016-02-19 21:58:51','2016-02-19 21:58:51',NULL,NULL,NULL,NULL,NULL,NULL,0,NULL),
	(51,5,49,'2016-02-19 21:58:51','2016-02-19 21:58:51',NULL,NULL,NULL,NULL,NULL,NULL,0,NULL),
	(52,6,51,'2016-02-19 21:58:51','2016-02-19 21:58:51',NULL,NULL,NULL,'ffdvdfvdfv',NULL,NULL,0,NULL),
	(53,7,51,'2016-02-19 21:58:51','2016-02-19 21:58:51',NULL,NULL,NULL,'vdfvdfvdfv',NULL,NULL,0,NULL),
	(54,8,51,'2016-02-19 21:58:51','2016-02-19 21:58:51',NULL,NULL,NULL,'vdfvdfvdfvdf',NULL,NULL,0,NULL),
	(55,1,NULL,'2016-02-19 22:02:12','2016-02-19 22:02:12',NULL,NULL,NULL,NULL,NULL,NULL,0,NULL),
	(56,4,55,'2016-02-19 22:02:12','2016-02-19 22:02:12',NULL,NULL,NULL,NULL,NULL,NULL,0,NULL),
	(57,5,55,'2016-02-19 22:02:12','2016-02-19 22:02:12',NULL,NULL,NULL,NULL,NULL,NULL,0,NULL),
	(58,6,57,'2016-02-19 22:02:12','2016-02-19 22:02:12',NULL,NULL,NULL,'sdcdscdsc',NULL,NULL,0,NULL),
	(59,7,57,'2016-02-19 22:02:12','2016-02-19 22:02:12',NULL,NULL,NULL,'dscsdcdsc',NULL,NULL,0,NULL),
	(60,8,57,'2016-02-19 22:02:12','2016-02-19 22:02:12',NULL,NULL,NULL,'scdscsdcsdcdsc',NULL,NULL,0,NULL),
	(61,1,NULL,'2016-02-19 22:52:15','2016-02-19 22:52:15',NULL,NULL,NULL,NULL,NULL,NULL,0,NULL),
	(62,4,61,'2016-02-19 22:52:15','2016-02-19 22:52:15',NULL,NULL,NULL,NULL,NULL,NULL,0,NULL),
	(63,5,61,'2016-02-19 22:52:15','2016-02-19 22:52:15',NULL,NULL,NULL,NULL,NULL,NULL,0,NULL),
	(64,6,63,'2016-02-19 22:52:15','2016-02-19 22:52:15',NULL,NULL,NULL,'sddsfsdf',NULL,NULL,0,NULL),
	(65,7,63,'2016-02-19 22:52:15','2016-02-19 22:52:15',NULL,NULL,NULL,'dsfsdfsdf',NULL,NULL,0,NULL),
	(66,8,63,'2016-02-19 22:52:15','2016-02-19 22:52:15',NULL,NULL,NULL,'dsfsdfsdf',NULL,NULL,0,NULL),
	(67,1,NULL,'2016-02-19 22:52:29','2016-02-19 22:52:29',NULL,NULL,NULL,NULL,NULL,NULL,0,NULL),
	(68,4,67,'2016-02-19 22:52:29','2016-02-19 22:52:29',NULL,NULL,NULL,NULL,NULL,NULL,0,NULL),
	(69,5,67,'2016-02-19 22:52:29','2016-02-19 22:52:29',NULL,NULL,NULL,NULL,NULL,NULL,0,NULL),
	(70,6,69,'2016-02-19 22:52:29','2016-02-19 22:52:29',NULL,NULL,NULL,'asdasd',NULL,NULL,0,NULL),
	(71,7,69,'2016-02-19 22:52:29','2016-02-19 22:52:29',NULL,NULL,NULL,'sadasdas',NULL,NULL,0,NULL),
	(72,8,69,'2016-02-19 22:52:29','2016-02-19 22:52:29',NULL,NULL,NULL,'asdasdas',NULL,NULL,0,NULL),
	(73,9,NULL,'2016-02-19 23:02:42','2016-02-19 23:02:42',NULL,NULL,NULL,NULL,NULL,NULL,0,NULL),
	(74,1,NULL,'2016-02-19 23:04:06','2016-02-19 23:04:06',NULL,NULL,NULL,NULL,NULL,NULL,0,NULL),
	(75,4,74,'2016-02-19 23:04:06','2016-02-19 23:04:06',NULL,NULL,NULL,NULL,NULL,NULL,0,NULL),
	(76,5,74,'2016-02-19 23:04:06','2016-02-19 23:04:06',NULL,NULL,NULL,NULL,NULL,NULL,0,NULL),
	(77,6,76,'2016-02-19 23:04:06','2016-02-19 23:04:06',NULL,NULL,NULL,'eeee',NULL,NULL,0,NULL),
	(78,7,76,'2016-02-19 23:04:06','2016-02-19 23:04:06',NULL,NULL,NULL,'eeee',NULL,NULL,0,NULL),
	(79,8,76,'2016-02-19 23:04:06','2016-02-19 23:04:06',NULL,NULL,NULL,'eeeee',NULL,NULL,0,NULL),
	(80,1,NULL,'2016-02-19 23:19:50','2016-02-19 23:19:50',NULL,NULL,NULL,NULL,NULL,NULL,0,NULL),
	(81,4,80,'2016-02-19 23:19:50','2016-02-19 23:19:50',NULL,NULL,NULL,NULL,NULL,NULL,0,NULL),
	(82,5,80,'2016-02-19 23:19:50','2016-02-19 23:19:50',NULL,NULL,NULL,NULL,NULL,NULL,0,NULL),
	(83,6,82,'2016-02-19 23:19:50','2016-02-19 23:19:59',NULL,NULL,NULL,'rr',NULL,NULL,0,NULL),
	(84,7,82,'2016-02-19 23:19:50','2016-02-19 23:19:59',NULL,NULL,NULL,'rr',NULL,NULL,0,NULL),
	(85,8,82,'2016-02-19 23:19:50','2016-02-19 23:19:59',NULL,NULL,NULL,'rr',NULL,NULL,0,NULL),
	(86,1,NULL,'2016-02-20 10:53:52','2016-02-20 10:53:52',NULL,NULL,NULL,NULL,NULL,NULL,0,NULL),
	(87,4,86,'2016-02-20 10:53:52','2016-02-20 10:53:52',NULL,NULL,NULL,NULL,NULL,NULL,0,NULL),
	(88,5,86,'2016-02-20 10:53:52','2016-02-20 10:53:52',NULL,NULL,NULL,NULL,NULL,NULL,0,NULL),
	(89,6,88,'2016-02-20 10:53:52','2016-02-20 10:53:52',NULL,NULL,NULL,'sdsdsd',NULL,NULL,0,NULL),
	(90,7,88,'2016-02-20 10:53:52','2016-02-20 10:53:52',NULL,NULL,NULL,'sdsdsd',NULL,NULL,0,NULL),
	(91,8,88,'2016-02-20 10:53:52','2016-02-20 10:53:52',NULL,NULL,NULL,'sdsdsdsdsd',NULL,NULL,0,NULL),
	(92,1,NULL,'2016-02-20 12:26:44','2016-02-20 12:26:44',NULL,NULL,NULL,NULL,NULL,NULL,0,NULL),
	(93,4,92,'2016-02-20 12:26:44','2016-02-20 12:26:44',NULL,NULL,NULL,NULL,NULL,NULL,0,NULL),
	(94,5,92,'2016-02-20 12:26:44','2016-02-20 12:26:44',NULL,NULL,NULL,NULL,NULL,NULL,0,NULL),
	(95,6,94,'2016-02-20 12:26:44','2016-02-20 12:26:44',NULL,NULL,NULL,'sss',NULL,NULL,0,NULL),
	(96,7,94,'2016-02-20 12:26:44','2016-02-20 12:26:44',NULL,NULL,NULL,'ssss',NULL,NULL,0,NULL),
	(97,8,94,'2016-02-20 12:26:44','2016-02-20 12:26:44',NULL,NULL,NULL,'sssss',NULL,NULL,0,NULL),
	(98,1,NULL,'2016-02-20 13:26:18','2016-02-20 13:26:18',NULL,NULL,NULL,NULL,NULL,NULL,0,NULL),
	(99,4,98,'2016-02-20 13:26:18','2016-02-20 13:26:18',NULL,NULL,NULL,NULL,NULL,NULL,0,NULL),
	(100,5,98,'2016-02-20 13:26:18','2016-02-20 13:26:18',NULL,NULL,NULL,NULL,NULL,NULL,0,NULL),
	(101,6,100,'2016-02-20 13:26:18','2016-02-20 13:26:18',NULL,NULL,NULL,'another one',NULL,NULL,0,NULL),
	(102,7,100,'2016-02-20 13:26:18','2016-02-20 13:26:18',NULL,NULL,NULL,'another',NULL,NULL,0,NULL),
	(103,8,100,'2016-02-20 13:26:18','2016-02-20 13:26:18',NULL,NULL,NULL,'aanother',NULL,NULL,0,NULL),
	(104,1,NULL,'2016-02-20 13:28:33','2016-02-20 13:28:33',NULL,NULL,NULL,NULL,NULL,NULL,0,NULL),
	(105,4,104,'2016-02-20 13:28:33','2016-02-20 13:38:36',NULL,NULL,NULL,'AVL-pz_OgEQtjLergsx_',NULL,NULL,0,NULL),
	(106,5,104,'2016-02-20 13:28:33','2016-02-20 13:28:33',NULL,NULL,NULL,NULL,NULL,NULL,0,NULL),
	(107,6,106,'2016-02-20 13:28:33','2016-02-20 13:28:33',NULL,NULL,NULL,'sdssd',NULL,NULL,0,NULL),
	(108,7,106,'2016-02-20 13:28:33','2016-02-20 13:28:33',NULL,NULL,NULL,'sddsds',NULL,NULL,0,NULL),
	(109,8,106,'2016-02-20 13:28:33','2016-02-20 13:28:33',NULL,NULL,NULL,'sdssdsd',NULL,NULL,0,NULL),
	(116,1,NULL,'2016-02-21 12:06:57','2016-02-21 12:06:57',NULL,NULL,NULL,NULL,NULL,NULL,0,NULL),
	(117,4,116,'2016-02-21 12:06:57','2016-02-21 12:06:59',NULL,NULL,NULL,'ddddd',NULL,NULL,0,NULL),
	(118,5,116,'2016-02-21 12:06:57','2016-02-21 12:06:57',NULL,NULL,NULL,NULL,NULL,NULL,0,NULL),
	(119,6,118,'2016-02-21 12:06:57','2016-02-21 12:06:57',NULL,NULL,NULL,'ddddd',NULL,NULL,0,NULL),
	(120,7,118,'2016-02-21 12:06:57','2016-02-21 12:06:57',NULL,NULL,NULL,'dddd',NULL,NULL,0,NULL),
	(121,8,118,'2016-02-21 12:06:57','2016-02-21 12:06:57',NULL,NULL,NULL,'ddddd',NULL,NULL,0,NULL),
	(128,1,NULL,'2016-02-21 12:08:25','2016-02-21 12:08:25',NULL,NULL,NULL,NULL,NULL,NULL,0,NULL),
	(129,4,128,'2016-02-21 12:08:25','2016-02-21 12:08:27',NULL,NULL,NULL,'dddd',NULL,NULL,0,NULL),
	(130,5,128,'2016-02-21 12:08:25','2016-02-21 12:08:25',NULL,NULL,NULL,NULL,NULL,NULL,0,NULL),
	(131,6,130,'2016-02-21 12:08:25','2016-02-21 12:08:25',NULL,NULL,NULL,'sdsd',NULL,NULL,0,NULL),
	(132,7,130,'2016-02-21 12:08:25','2016-02-21 12:08:25',NULL,NULL,NULL,'sdsdsdsdsd',NULL,NULL,0,NULL),
	(133,8,130,'2016-02-21 12:08:25','2016-02-21 12:08:25',NULL,NULL,NULL,'sdsdsd',NULL,NULL,0,NULL),
	(158,1,NULL,'2016-02-21 13:04:22','2016-02-21 13:04:22',NULL,NULL,NULL,NULL,NULL,NULL,0,31),
	(159,4,158,'2016-02-21 13:04:22','2016-02-21 13:04:22',NULL,NULL,NULL,NULL,NULL,NULL,0,31),
	(160,5,158,'2016-02-21 13:04:22','2016-02-21 13:04:22',NULL,NULL,NULL,NULL,NULL,NULL,0,31),
	(161,6,160,'2016-02-21 13:04:22','2016-02-21 13:04:22',NULL,NULL,NULL,'en',NULL,NULL,0,31),
	(162,7,160,'2016-02-21 13:04:22','2016-02-21 13:04:22',NULL,NULL,NULL,'fr',NULL,NULL,0,31),
	(163,8,160,'2016-02-21 13:04:22','2016-02-21 13:04:22',NULL,NULL,NULL,'nl',NULL,NULL,0,31),
	(164,1,NULL,'2016-02-21 13:06:21','2016-02-21 13:06:21',NULL,NULL,NULL,NULL,NULL,NULL,0,32),
	(165,4,164,'2016-02-21 13:06:21','2016-02-21 13:06:21',NULL,NULL,NULL,NULL,NULL,NULL,0,32),
	(166,5,164,'2016-02-21 13:06:21','2016-02-21 13:06:21',NULL,NULL,NULL,NULL,NULL,NULL,0,32),
	(167,6,166,'2016-02-21 13:06:21','2016-02-21 13:06:21',NULL,NULL,NULL,'sssss',NULL,NULL,0,32),
	(168,7,166,'2016-02-21 13:06:21','2016-02-21 13:06:21',NULL,NULL,NULL,'sssss',NULL,NULL,0,32),
	(169,8,166,'2016-02-21 13:06:21','2016-02-21 13:06:21',NULL,NULL,NULL,'ssssss',NULL,NULL,0,32),
	(170,1,NULL,'2016-02-21 13:06:43','2016-02-21 13:06:43',NULL,NULL,NULL,NULL,NULL,NULL,0,33),
	(171,4,170,'2016-02-21 13:06:43','2016-02-21 13:06:48',NULL,NULL,NULL,'dddddd',NULL,NULL,0,33),
	(172,5,170,'2016-02-21 13:06:43','2016-02-21 13:06:43',NULL,NULL,NULL,NULL,NULL,NULL,0,33),
	(173,6,172,'2016-02-21 13:06:43','2016-02-21 13:06:43',NULL,NULL,NULL,'dfdfdfdf',NULL,NULL,0,33),
	(174,7,172,'2016-02-21 13:06:43','2016-02-21 13:06:43',NULL,NULL,NULL,'dfdfdffdfd',NULL,NULL,0,33),
	(175,8,172,'2016-02-21 13:06:43','2016-02-21 13:06:43',NULL,NULL,NULL,'dffddfdffd',NULL,NULL,0,33),
	(176,1,NULL,'2016-02-21 13:07:29','2016-02-21 13:07:29',NULL,NULL,NULL,NULL,NULL,NULL,0,34),
	(177,4,176,'2016-02-21 13:07:29','2016-02-21 13:07:29',NULL,NULL,NULL,'AVMDujqf5uThDdEL5_O0',NULL,NULL,0,34),
	(178,5,176,'2016-02-21 13:07:29','2016-02-21 13:07:29',NULL,NULL,NULL,NULL,NULL,NULL,0,34),
	(179,6,178,'2016-02-21 13:07:29','2016-02-21 13:07:29',NULL,NULL,NULL,'sdfsdfsdf',NULL,NULL,0,34),
	(180,7,178,'2016-02-21 13:07:29','2016-02-21 13:07:29',NULL,NULL,NULL,'sdfsdfsdf',NULL,NULL,0,34),
	(181,8,178,'2016-02-21 13:07:29','2016-02-21 13:07:29',NULL,NULL,NULL,'sdfsdfsdfsdf',NULL,NULL,0,34),
	(200,1,NULL,'2016-02-21 14:14:20','2016-02-21 14:14:20',NULL,NULL,NULL,NULL,NULL,NULL,0,NULL),
	(201,4,200,'2016-02-21 14:14:20','2016-02-21 14:14:20',NULL,NULL,NULL,'AVMDujqf5uThDdEL5_O0',NULL,NULL,0,NULL),
	(202,5,200,'2016-02-21 14:14:20','2016-02-21 14:14:20',NULL,NULL,NULL,NULL,NULL,NULL,0,NULL),
	(203,6,202,'2016-02-21 14:14:20','2016-02-21 14:14:29',NULL,NULL,NULL,'sdfsdfsdf2',NULL,NULL,0,NULL),
	(204,7,202,'2016-02-21 14:14:20','2016-02-21 14:14:29',NULL,NULL,NULL,'sdfsdfsdf2',NULL,NULL,0,NULL),
	(205,8,202,'2016-02-21 14:14:20','2016-02-21 14:14:29',NULL,NULL,NULL,'sdfsdfsdfsdf2',NULL,NULL,0,NULL),
	(206,1,NULL,'2016-02-21 22:38:32','2016-02-21 22:38:32',NULL,NULL,NULL,NULL,NULL,NULL,0,40),
	(207,4,206,'2016-02-21 22:38:32','2016-02-21 22:38:34',NULL,NULL,NULL,'AVMFxRAp5uThDdEL5_O6',NULL,NULL,0,40),
	(208,5,206,'2016-02-21 22:38:32','2016-02-21 22:38:32',NULL,NULL,NULL,NULL,NULL,NULL,0,40),
	(209,6,208,'2016-02-21 22:38:32','2016-02-21 22:38:32',NULL,NULL,NULL,'sdsdsd',NULL,NULL,0,40),
	(210,7,208,'2016-02-21 22:38:32','2016-02-21 22:38:32',NULL,NULL,NULL,'dfsdf',NULL,NULL,0,40),
	(211,8,208,'2016-02-21 22:38:32','2016-02-21 22:38:32',NULL,NULL,NULL,'afsdfsdfs',NULL,NULL,0,40),
	(212,1,NULL,'2016-02-21 22:39:01','2016-02-21 22:39:01',NULL,NULL,NULL,NULL,NULL,NULL,0,NULL),
	(213,4,212,'2016-02-21 22:39:01','2016-02-21 22:39:01',NULL,NULL,NULL,'AVMFxRAp5uThDdEL5_O6',NULL,NULL,0,NULL),
	(214,5,212,'2016-02-21 22:39:01','2016-02-21 22:39:01',NULL,NULL,NULL,NULL,NULL,NULL,0,NULL),
	(215,6,214,'2016-02-21 22:39:01','2016-02-21 22:39:09',NULL,NULL,NULL,'sdsdsd2',NULL,NULL,0,NULL),
	(216,7,214,'2016-02-21 22:39:01','2016-02-21 22:39:09',NULL,NULL,NULL,'dfsdf2',NULL,NULL,0,NULL),
	(217,8,214,'2016-02-21 22:39:01','2016-02-21 22:39:09',NULL,NULL,NULL,'afsdfsdfs2',NULL,NULL,0,NULL),
	(218,1,NULL,'2016-02-21 22:39:48','2016-02-21 22:39:48',NULL,NULL,NULL,NULL,NULL,NULL,0,NULL),
	(219,4,218,'2016-02-21 22:39:48','2016-02-21 22:39:48',NULL,NULL,NULL,'AVMFxRAp5uThDdEL5_O6',NULL,NULL,0,NULL),
	(220,5,218,'2016-02-21 22:39:48','2016-02-21 22:39:48',NULL,NULL,NULL,NULL,NULL,NULL,0,NULL),
	(221,6,220,'2016-02-21 22:39:48','2016-02-21 22:39:58',NULL,NULL,NULL,'sdsdsd23',NULL,NULL,0,NULL),
	(222,7,220,'2016-02-21 22:39:48','2016-02-21 22:39:58',NULL,NULL,NULL,'dfsdf23',NULL,NULL,0,NULL),
	(223,8,220,'2016-02-21 22:39:48','2016-02-21 22:39:58',NULL,NULL,NULL,'afsdfsdfs23',NULL,NULL,0,NULL),
	(224,1,NULL,'2016-02-21 22:40:28','2016-02-21 22:40:28',NULL,NULL,NULL,NULL,NULL,NULL,0,NULL),
	(225,4,224,'2016-02-21 22:40:28','2016-02-21 22:40:28',NULL,NULL,NULL,'AVMFxRAp5uThDdEL5_O6',NULL,NULL,0,NULL),
	(226,5,224,'2016-02-21 22:40:28','2016-02-21 22:40:28',NULL,NULL,NULL,NULL,NULL,NULL,0,NULL),
	(227,6,226,'2016-02-21 22:40:28','2016-02-21 22:40:34',NULL,NULL,NULL,'sdsdsd234',NULL,NULL,0,NULL),
	(228,7,226,'2016-02-21 22:40:28','2016-02-21 22:40:34',NULL,NULL,NULL,'dfsdf234',NULL,NULL,0,NULL),
	(229,8,226,'2016-02-21 22:40:28','2016-02-21 22:40:34',NULL,NULL,NULL,'afsdfsdfs234',NULL,NULL,0,NULL),
	(230,1,NULL,'2016-02-21 22:45:16','2016-02-21 22:45:16',NULL,NULL,NULL,NULL,NULL,NULL,0,NULL),
	(231,4,230,'2016-02-21 22:45:16','2016-02-21 22:45:16',NULL,NULL,NULL,'AVMFxRAp5uThDdEL5_O6',NULL,NULL,0,NULL),
	(232,5,230,'2016-02-21 22:45:16','2016-02-21 22:45:16',NULL,NULL,NULL,NULL,NULL,NULL,0,NULL),
	(233,6,232,'2016-02-21 22:45:16','2016-02-21 22:45:49',NULL,NULL,NULL,'sdsdsd23456',NULL,NULL,0,NULL),
	(234,7,232,'2016-02-21 22:45:16','2016-02-21 22:45:49',NULL,NULL,NULL,'dfsdf23456',NULL,NULL,0,NULL),
	(235,8,232,'2016-02-21 22:45:16','2016-02-21 22:45:49',NULL,NULL,NULL,'afsdfsdfs23456',NULL,NULL,0,NULL),
	(236,1,NULL,'2016-02-21 23:10:44','2016-02-21 23:10:44',NULL,NULL,NULL,NULL,NULL,NULL,0,NULL),
	(237,4,236,'2016-02-21 23:10:44','2016-02-21 23:10:44',NULL,NULL,NULL,'AVMFxRAp5uThDdEL5_O6',NULL,NULL,0,NULL),
	(238,5,236,'2016-02-21 23:10:44','2016-02-21 23:10:44',NULL,NULL,NULL,NULL,NULL,NULL,0,NULL),
	(239,6,238,'2016-02-21 23:10:44','2016-02-21 23:10:53',NULL,NULL,NULL,'sdsdsd234567',NULL,NULL,0,NULL),
	(240,7,238,'2016-02-21 23:10:44','2016-02-21 23:10:53',NULL,NULL,NULL,'dfsdf234567',NULL,NULL,0,NULL),
	(241,8,238,'2016-02-21 23:10:44','2016-02-21 23:10:53',NULL,NULL,NULL,'afsdfsdfs234567',NULL,NULL,0,NULL),
	(242,1,NULL,'2016-02-22 09:19:16','2016-02-22 09:19:16',NULL,NULL,NULL,NULL,NULL,NULL,0,46),
	(243,4,242,'2016-02-22 09:19:16','2016-02-22 09:19:18',NULL,NULL,NULL,'ljflskdjfd',NULL,NULL,0,46),
	(244,5,242,'2016-02-22 09:19:16','2016-02-22 09:19:16',NULL,NULL,NULL,NULL,NULL,NULL,0,46),
	(245,6,244,'2016-02-22 09:19:16','2016-02-22 09:19:16',NULL,NULL,NULL,'sdfsdfsdf',NULL,NULL,0,46),
	(246,7,244,'2016-02-22 09:19:16','2016-02-22 09:19:16',NULL,NULL,NULL,'sdfsfsdgs',NULL,NULL,0,46),
	(247,8,244,'2016-02-22 09:19:16','2016-02-22 09:19:16',NULL,NULL,NULL,'adfsdcafcafc',NULL,NULL,0,46),
	(248,1,NULL,'2016-02-22 09:19:26','2016-02-22 09:19:26',NULL,NULL,NULL,NULL,NULL,NULL,0,NULL),
	(249,4,248,'2016-02-22 09:19:26','2016-02-22 09:19:26',NULL,NULL,NULL,'ljflskdjfd',NULL,NULL,0,NULL),
	(250,5,248,'2016-02-22 09:19:26','2016-02-22 09:19:26',NULL,NULL,NULL,NULL,NULL,NULL,0,NULL),
	(251,6,250,'2016-02-22 09:19:26','2016-02-22 09:19:33',NULL,NULL,NULL,'sdfsdfsdf333',NULL,NULL,0,NULL),
	(252,7,250,'2016-02-22 09:19:26','2016-02-22 09:19:33',NULL,NULL,NULL,'sdfsfsdgs4444',NULL,NULL,0,NULL),
	(253,8,250,'2016-02-22 09:19:26','2016-02-22 09:19:33',NULL,NULL,NULL,'adfsdcafcafc5555',NULL,NULL,0,NULL),
	(254,1,NULL,'2016-02-22 09:23:21','2016-02-22 09:23:21',NULL,NULL,NULL,NULL,NULL,NULL,0,NULL),
	(255,4,254,'2016-02-22 09:23:21','2016-02-22 09:23:21',NULL,NULL,NULL,'ljflskdjfd',NULL,NULL,0,NULL),
	(256,5,254,'2016-02-22 09:23:21','2016-02-22 09:23:21',NULL,NULL,NULL,NULL,NULL,NULL,0,NULL),
	(257,6,256,'2016-02-22 09:23:21','2016-02-22 09:24:04',NULL,NULL,NULL,'sdfsdfsdf333456',NULL,NULL,0,NULL),
	(258,7,256,'2016-02-22 09:23:21','2016-02-22 09:24:04',NULL,NULL,NULL,'sdfsfsdgs4444567',NULL,NULL,0,NULL),
	(259,8,256,'2016-02-22 09:23:21','2016-02-22 09:24:04',NULL,NULL,NULL,'adfsdcafcafc5555678',NULL,NULL,0,NULL),
	(260,1,NULL,'2016-02-22 09:25:32','2016-02-22 09:25:32',NULL,NULL,NULL,NULL,NULL,NULL,0,NULL),
	(261,5,260,'2016-02-22 09:25:32','2016-02-22 09:25:32',NULL,NULL,NULL,NULL,NULL,NULL,0,NULL),
	(262,6,261,'2016-02-22 09:25:32','2016-02-22 09:25:43',NULL,NULL,NULL,'sdfsdfsdf3334568',NULL,NULL,0,NULL),
	(263,7,261,'2016-02-22 09:25:32','2016-02-22 09:25:43',NULL,NULL,NULL,'sdfsfsdgs44445679',NULL,NULL,0,NULL),
	(264,8,261,'2016-02-22 09:25:32','2016-02-22 09:25:43',NULL,NULL,NULL,'adfsdcafcafc55556788',NULL,NULL,0,NULL),
	(265,4,260,'2016-02-22 09:25:32','2016-02-22 09:25:32',NULL,NULL,NULL,'ljflskdjfd',NULL,NULL,0,NULL),
	(266,1,NULL,'2016-02-22 09:26:10','2016-02-22 09:26:10',NULL,NULL,NULL,NULL,NULL,NULL,0,NULL),
	(267,5,266,'2016-02-22 09:26:10','2016-02-22 09:26:10',NULL,NULL,NULL,NULL,NULL,NULL,0,NULL),
	(268,6,267,'2016-02-22 09:26:10','2016-02-22 09:26:20',NULL,NULL,NULL,'sdfsdfsdf3334568sdf',NULL,NULL,0,NULL),
	(269,7,267,'2016-02-22 09:26:10','2016-02-22 09:26:20',NULL,NULL,NULL,'sdfsfsdgs44445679sdffsd',NULL,NULL,0,NULL),
	(270,8,267,'2016-02-22 09:26:10','2016-02-22 09:26:20',NULL,NULL,NULL,'adfsdcafcafc55556788sdfsdf',NULL,NULL,0,NULL),
	(271,4,266,'2016-02-22 09:26:10','2016-02-22 09:26:10',NULL,NULL,NULL,'ljflskdjfd',NULL,NULL,0,NULL),
	(272,9,NULL,'2016-02-22 09:47:56','2016-02-22 09:47:56',NULL,NULL,NULL,NULL,NULL,NULL,0,NULL),
	(273,9,NULL,'2016-02-22 09:48:42','2016-02-22 09:48:42',NULL,NULL,NULL,NULL,NULL,NULL,0,52),
	(280,1,NULL,'2016-02-22 09:51:50','2016-02-22 09:51:50',NULL,NULL,NULL,NULL,NULL,NULL,0,NULL),
	(281,4,280,'2016-02-22 09:51:50','2016-02-22 09:51:50',NULL,NULL,NULL,'AVL7L3FigEQtjLergsxk',NULL,NULL,0,NULL),
	(282,5,280,'2016-02-22 09:51:50','2016-02-22 09:51:50',NULL,NULL,NULL,NULL,NULL,NULL,0,NULL),
	(283,6,282,'2016-02-22 09:51:50','2016-02-22 09:51:50',NULL,NULL,NULL,'a',NULL,NULL,0,NULL),
	(284,7,282,'2016-02-22 09:51:50','2016-02-22 09:51:50',NULL,NULL,NULL,'b',NULL,NULL,0,NULL),
	(285,8,282,'2016-02-22 09:51:50','2016-02-22 09:51:50',NULL,NULL,NULL,'c',NULL,NULL,0,NULL),
	(286,1,NULL,'2016-02-22 09:52:27','2016-02-22 09:52:27',NULL,NULL,NULL,NULL,NULL,NULL,0,NULL),
	(287,4,286,'2016-02-22 09:52:27','2016-02-22 09:52:27',NULL,NULL,NULL,'AVL7MRj5gEQtjLergsxl',NULL,NULL,0,NULL),
	(288,5,286,'2016-02-22 09:52:27','2016-02-22 09:52:27',NULL,NULL,NULL,NULL,NULL,NULL,0,NULL),
	(289,6,288,'2016-02-22 09:52:27','2016-02-22 09:52:27',NULL,NULL,NULL,'en',NULL,NULL,0,NULL),
	(290,7,288,'2016-02-22 09:52:27','2016-02-22 09:52:27',NULL,NULL,NULL,'fr',NULL,NULL,0,NULL),
	(291,8,288,'2016-02-22 09:52:27','2016-02-22 09:52:27',NULL,NULL,NULL,'nl',NULL,NULL,0,NULL),
	(292,1,NULL,'2016-02-22 09:53:17','2016-02-22 09:53:17',NULL,NULL,NULL,NULL,NULL,NULL,0,NULL),
	(293,4,292,'2016-02-22 09:53:17','2016-02-22 09:53:20',NULL,NULL,NULL,'AVL7OlbJgEQtjLergsxo',NULL,NULL,0,NULL),
	(294,5,292,'2016-02-22 09:53:17','2016-02-22 09:53:17',NULL,NULL,NULL,NULL,NULL,NULL,0,NULL),
	(295,6,294,'2016-02-22 09:53:17','2016-02-22 09:53:17',NULL,NULL,NULL,'a',NULL,NULL,0,NULL),
	(296,7,294,'2016-02-22 09:53:17','2016-02-22 09:53:17',NULL,NULL,NULL,'f',NULL,NULL,0,NULL),
	(297,8,294,'2016-02-22 09:53:17','2016-02-22 09:53:17',NULL,NULL,NULL,'g',NULL,NULL,0,NULL),
	(298,1,NULL,'2016-02-22 09:53:32','2016-02-22 09:53:32',NULL,NULL,NULL,NULL,NULL,NULL,0,NULL),
	(299,4,298,'2016-02-22 09:53:32','2016-02-22 09:53:34',NULL,NULL,NULL,'fsdfsdfsdf',NULL,NULL,0,NULL),
	(300,5,298,'2016-02-22 09:53:32','2016-02-22 09:53:32',NULL,NULL,NULL,NULL,NULL,NULL,0,NULL),
	(301,6,300,'2016-02-22 09:53:32','2016-02-22 09:53:32',NULL,NULL,NULL,'afadfasdfa',NULL,NULL,0,NULL),
	(302,7,300,'2016-02-22 09:53:32','2016-02-22 09:53:32',NULL,NULL,NULL,'afdsfsadf',NULL,NULL,0,NULL),
	(303,8,300,'2016-02-22 09:53:32','2016-02-22 09:53:32',NULL,NULL,NULL,'adfsdfasdfs',NULL,NULL,0,NULL),
	(304,1,NULL,'2016-02-22 09:53:58','2016-02-22 09:53:58',NULL,NULL,NULL,NULL,NULL,NULL,0,NULL),
	(305,4,304,'2016-02-22 09:53:58','2016-02-22 09:54:01',NULL,NULL,NULL,'AVL7PETqgEQtjLergsxp',NULL,NULL,0,NULL),
	(306,5,304,'2016-02-22 09:53:58','2016-02-22 09:53:58',NULL,NULL,NULL,NULL,NULL,NULL,0,NULL),
	(307,6,306,'2016-02-22 09:53:58','2016-02-22 09:53:58',NULL,NULL,NULL,'dddd',NULL,NULL,0,NULL),
	(308,7,306,'2016-02-22 09:53:58','2016-02-22 09:53:58',NULL,NULL,NULL,'ddddd',NULL,NULL,0,NULL),
	(309,8,306,'2016-02-22 09:53:58','2016-02-22 09:53:58',NULL,NULL,NULL,'dddd',NULL,NULL,0,NULL),
	(310,1,NULL,'2016-02-22 09:55:58','2016-02-22 09:55:58',NULL,NULL,NULL,NULL,NULL,NULL,0,NULL),
	(311,4,310,'2016-02-22 09:55:58','2016-02-22 09:56:00',NULL,NULL,NULL,'AVL7Pe05gEQtjLergsxq',NULL,NULL,0,NULL),
	(312,5,310,'2016-02-22 09:55:58','2016-02-22 09:55:58',NULL,NULL,NULL,NULL,NULL,NULL,0,NULL),
	(313,6,312,'2016-02-22 09:55:58','2016-02-22 09:55:58',NULL,NULL,NULL,'sdssdsd',NULL,NULL,0,NULL),
	(314,7,312,'2016-02-22 09:55:58','2016-02-22 09:55:58',NULL,NULL,NULL,'sdsddsdsds',NULL,NULL,0,NULL),
	(315,8,312,'2016-02-22 09:55:58','2016-02-22 09:55:58',NULL,NULL,NULL,'sdsdds',NULL,NULL,0,NULL),
	(316,1,NULL,'2016-02-22 09:56:28','2016-02-22 09:56:28',NULL,NULL,NULL,NULL,NULL,NULL,0,NULL),
	(317,4,316,'2016-02-22 09:56:28','2016-02-22 09:56:31',NULL,NULL,NULL,'dfdfdfdf',NULL,NULL,0,NULL),
	(318,5,316,'2016-02-22 09:56:28','2016-02-22 09:56:28',NULL,NULL,NULL,NULL,NULL,NULL,0,NULL),
	(319,6,318,'2016-02-22 09:56:28','2016-02-22 09:56:28',NULL,NULL,NULL,'sdsdsd',NULL,NULL,0,NULL),
	(320,7,318,'2016-02-22 09:56:28','2016-02-22 09:56:28',NULL,NULL,NULL,'sdsdsdsd',NULL,NULL,0,NULL),
	(321,8,318,'2016-02-22 09:56:28','2016-02-22 09:56:28',NULL,NULL,NULL,'sdsdsdsdds',NULL,NULL,0,NULL),
	(328,1,NULL,'2016-02-22 10:50:08','2016-02-22 10:50:08',NULL,NULL,NULL,NULL,NULL,NULL,0,NULL),
	(329,4,328,'2016-02-22 10:50:08','2016-02-22 11:56:24',NULL,NULL,NULL,'AVL7TePWgEQtjLergsxu',NULL,NULL,0,NULL),
	(330,5,328,'2016-02-22 10:50:08','2016-02-22 10:50:08',NULL,NULL,NULL,NULL,NULL,NULL,0,NULL),
	(331,6,330,'2016-02-22 10:50:08','2016-02-22 10:50:08',NULL,NULL,NULL,'ssss',NULL,NULL,0,NULL),
	(332,7,330,'2016-02-22 10:50:08','2016-02-22 10:50:08',NULL,NULL,NULL,'ssss',NULL,NULL,0,NULL),
	(333,8,330,'2016-02-22 10:50:08','2016-02-22 10:50:08',NULL,NULL,NULL,'ssssss',NULL,NULL,0,NULL),
	(334,1,NULL,'2016-02-22 11:56:53','2016-02-22 11:56:53',NULL,NULL,NULL,NULL,NULL,NULL,0,NULL),
	(335,4,334,'2016-02-22 11:56:53','2016-02-22 11:56:53',NULL,NULL,NULL,'AVL7TePWgEQtjLergsxu',NULL,NULL,0,NULL),
	(336,5,334,'2016-02-22 11:56:53','2016-02-22 11:56:53',NULL,NULL,NULL,NULL,NULL,NULL,0,NULL),
	(337,6,336,'2016-02-22 11:56:53','2016-02-22 11:56:53',NULL,NULL,NULL,'ssss',NULL,NULL,0,NULL),
	(338,7,336,'2016-02-22 11:56:53','2016-02-22 11:56:53',NULL,NULL,NULL,'ssss',NULL,NULL,0,NULL),
	(339,8,336,'2016-02-22 11:56:53','2016-02-22 11:56:53',NULL,NULL,NULL,'ssssss',NULL,NULL,0,NULL),
	(340,1,NULL,'2016-02-23 13:12:01','2016-02-23 13:12:01',NULL,NULL,NULL,NULL,NULL,NULL,0,65),
	(341,4,340,'2016-02-23 13:12:01','2016-02-23 13:13:45',NULL,NULL,NULL,'AVMODK0XzbTdUSH6o34w',NULL,NULL,0,65),
	(342,5,340,'2016-02-23 13:12:01','2016-02-23 13:12:01',NULL,NULL,NULL,NULL,NULL,NULL,0,65),
	(343,6,342,'2016-02-23 13:12:01','2016-02-23 13:12:01',NULL,NULL,NULL,'STGL',NULL,NULL,0,65),
	(344,7,342,'2016-02-23 13:12:01','2016-02-23 13:12:01',NULL,NULL,NULL,'STGL',NULL,NULL,0,65),
	(345,8,342,'2016-02-23 13:12:01','2016-02-23 13:12:01',NULL,NULL,NULL,'STGL',NULL,NULL,0,65),
	(352,1,NULL,'2016-02-23 13:15:06','2016-02-23 13:15:06',NULL,NULL,NULL,NULL,NULL,NULL,0,NULL),
	(353,4,352,'2016-02-23 13:15:06','2016-02-23 13:15:06',NULL,NULL,NULL,'AVMODK0XzbTdUSH6o34w',NULL,NULL,0,NULL),
	(354,5,352,'2016-02-23 13:15:06','2016-02-23 13:15:06',NULL,NULL,NULL,NULL,NULL,NULL,0,NULL),
	(355,6,354,'2016-02-23 13:15:06','2016-02-23 13:15:13',NULL,NULL,NULL,'STGL 2',NULL,NULL,0,NULL),
	(356,7,354,'2016-02-23 13:15:06','2016-02-23 13:15:13',NULL,NULL,NULL,'STGL2',NULL,NULL,0,NULL),
	(357,8,354,'2016-02-23 13:15:06','2016-02-23 13:15:13',NULL,NULL,NULL,'STGL2',NULL,NULL,0,NULL),
	(358,1,NULL,'2016-02-23 13:50:26','2016-02-23 13:50:26',NULL,NULL,NULL,NULL,NULL,NULL,0,68),
	(359,4,358,'2016-02-23 13:50:26','2016-02-23 13:50:26',NULL,NULL,NULL,'home.welcomeMessage',NULL,NULL,0,68),
	(360,5,358,'2016-02-23 13:50:26','2016-02-23 13:50:26',NULL,NULL,NULL,NULL,NULL,NULL,0,68),
	(361,6,360,'2016-02-23 13:50:26','2016-02-23 13:50:26',NULL,NULL,NULL,'Welcome',NULL,NULL,0,68),
	(362,7,360,'2016-02-23 13:50:26','2016-02-23 13:50:26',NULL,NULL,NULL,'Bienvenu',NULL,NULL,0,68),
	(363,8,360,'2016-02-23 13:50:26','2016-02-23 13:50:26',NULL,NULL,NULL,'Wilkom',NULL,NULL,0,68),
	(364,1,NULL,'2016-02-23 14:38:35','2016-02-23 14:38:35',NULL,NULL,NULL,NULL,NULL,NULL,0,69),
	(365,4,364,'2016-02-23 14:38:35','2016-02-23 14:39:09',NULL,NULL,NULL,'test.testDemo',NULL,NULL,0,69),
	(366,5,364,'2016-02-23 14:38:35','2016-02-23 14:38:35',NULL,NULL,NULL,NULL,NULL,NULL,0,69),
	(367,6,366,'2016-02-23 14:38:35','2016-02-23 14:38:35',NULL,NULL,NULL,'test demo',NULL,NULL,0,69),
	(368,7,366,'2016-02-23 14:38:35','2016-02-23 14:38:35',NULL,NULL,NULL,'test demo',NULL,NULL,0,69),
	(369,8,366,'2016-02-23 14:38:35','2016-02-23 14:38:35',NULL,NULL,NULL,'test demo',NULL,NULL,0,69),
	(370,1,NULL,'2016-02-23 14:39:32','2016-02-23 14:39:32',NULL,NULL,NULL,NULL,NULL,NULL,0,NULL),
	(371,4,370,'2016-02-23 14:39:32','2016-02-23 14:39:32',NULL,NULL,NULL,'test.testDemo',NULL,NULL,0,NULL),
	(372,5,370,'2016-02-23 14:39:32','2016-02-23 14:39:32',NULL,NULL,NULL,NULL,NULL,NULL,0,NULL),
	(373,6,372,'2016-02-23 14:39:32','2016-02-23 14:39:40',NULL,NULL,NULL,'test demo 2',NULL,NULL,0,NULL),
	(374,7,372,'2016-02-23 14:39:32','2016-02-23 14:39:40',NULL,NULL,NULL,'test demo 2',NULL,NULL,0,NULL),
	(375,8,372,'2016-02-23 14:39:32','2016-02-23 14:39:40',NULL,NULL,NULL,'test demo 2',NULL,NULL,0,NULL),
	(376,1,NULL,'2016-02-23 14:44:59','2016-02-23 14:44:59',NULL,NULL,NULL,NULL,NULL,NULL,0,71),
	(377,4,376,'2016-02-23 14:44:59','2016-02-23 14:45:09',NULL,NULL,NULL,'AVMOYF0AzbTdUSH6o340',NULL,NULL,0,71),
	(378,5,376,'2016-02-23 14:44:59','2016-02-23 14:44:59',NULL,NULL,NULL,NULL,NULL,NULL,0,71),
	(379,6,378,'2016-02-23 14:44:59','2016-02-23 14:44:59',NULL,NULL,NULL,'hghg',NULL,NULL,0,71),
	(380,7,378,'2016-02-23 14:44:59','2016-02-23 14:44:59',NULL,NULL,NULL,'ghjgjhg',NULL,NULL,0,71),
	(381,8,378,'2016-02-23 14:44:59','2016-02-23 14:44:59',NULL,NULL,NULL,'jhjhg',NULL,NULL,0,71),
	(382,9,NULL,'2016-02-24 00:13:25','2016-02-24 00:13:25',NULL,NULL,NULL,NULL,NULL,NULL,0,72),
	(383,1,NULL,'2016-02-24 09:28:50','2016-02-24 09:28:50',NULL,NULL,NULL,NULL,NULL,NULL,0,73),
	(384,4,383,'2016-02-24 09:28:50','2016-02-24 09:29:26',NULL,NULL,NULL,'AVMSZav2zbTdUSH6o38m',NULL,NULL,0,73),
	(385,5,383,'2016-02-24 09:28:50','2016-02-24 09:28:50',NULL,NULL,NULL,NULL,NULL,NULL,0,73),
	(386,6,385,'2016-02-24 09:28:50','2016-02-24 09:28:50',NULL,NULL,NULL,'dame',NULL,NULL,0,73),
	(387,7,385,'2016-02-24 09:28:50','2016-02-24 09:28:50',NULL,NULL,NULL,'dame',NULL,NULL,0,73),
	(388,8,385,'2016-02-24 09:28:50','2016-02-24 09:28:50',NULL,NULL,NULL,'dame',NULL,NULL,0,73),
	(389,1,NULL,'2016-02-24 09:29:55','2016-02-24 09:29:55',NULL,NULL,NULL,NULL,NULL,NULL,0,NULL),
	(390,4,389,'2016-02-24 09:29:55','2016-02-24 09:29:55',NULL,NULL,NULL,'AVMSZav2zbTdUSH6o38m',NULL,NULL,0,NULL),
	(391,5,389,'2016-02-24 09:29:55','2016-02-24 09:29:55',NULL,NULL,NULL,NULL,NULL,NULL,0,NULL),
	(392,6,391,'2016-02-24 09:29:55','2016-02-24 09:30:03',NULL,NULL,NULL,'dame 1',NULL,NULL,0,NULL),
	(393,7,391,'2016-02-24 09:29:55','2016-02-24 09:30:03',NULL,NULL,NULL,'dame 2',NULL,NULL,0,NULL),
	(394,8,391,'2016-02-24 09:29:55','2016-02-24 09:30:03',NULL,NULL,NULL,'dame 3',NULL,NULL,0,NULL);

/*!40000 ALTER TABLE `data_field` ENABLE KEYS */;
UNLOCK TABLES;


# Affichage de la table environment
# ------------------------------------------------------------

DROP TABLE IF EXISTS `environment`;

CREATE TABLE `environment` (
  `id` int(11) NOT NULL AUTO_INCREMENT,
  `created` datetime NOT NULL,
  `modified` datetime NOT NULL,
  `name` varchar(255) COLLATE utf8_unicode_ci NOT NULL,
  PRIMARY KEY (`id`),
  UNIQUE KEY `UNIQ_4626DE225E237E06` (`name`)
) ENGINE=InnoDB DEFAULT CHARSET=utf8 COLLATE=utf8_unicode_ci;

LOCK TABLES `environment` WRITE;
/*!40000 ALTER TABLE `environment` DISABLE KEYS */;

INSERT INTO `environment` (`id`, `created`, `modified`, `name`)
VALUES
	(39,'2016-02-17 14:14:36','2016-02-17 14:14:36','aperture'),
	(40,'2016-02-17 14:16:53','2016-02-17 14:16:53','photos'),
	(42,'2016-02-19 07:37:12','2016-02-19 07:37:12','draft'),
	(46,'2016-02-24 09:21:50','2016-02-24 09:21:50','staging');

/*!40000 ALTER TABLE `environment` ENABLE KEYS */;
UNLOCK TABLES;


# Affichage de la table environment_revision
# ------------------------------------------------------------

DROP TABLE IF EXISTS `environment_revision`;

CREATE TABLE `environment_revision` (
  `revision_id` int(11) NOT NULL,
  `environment_id` int(11) NOT NULL,
  PRIMARY KEY (`revision_id`,`environment_id`),
  KEY `IDX_895F7B701DFA7C8F` (`revision_id`),
  KEY `IDX_895F7B70903E3A94` (`environment_id`),
  CONSTRAINT `FK_895F7B701DFA7C8F` FOREIGN KEY (`revision_id`) REFERENCES `revision` (`id`) ON DELETE CASCADE,
  CONSTRAINT `FK_895F7B70903E3A94` FOREIGN KEY (`environment_id`) REFERENCES `environment` (`id`) ON DELETE CASCADE
) ENGINE=InnoDB DEFAULT CHARSET=utf8 COLLATE=utf8_unicode_ci;

LOCK TABLES `environment_revision` WRITE;
/*!40000 ALTER TABLE `environment_revision` DISABLE KEYS */;

INSERT INTO `environment_revision` (`revision_id`, `environment_id`)
VALUES
	(45,42),
	(50,42),
	(51,42),
	(52,42),
	(54,42),
	(55,42),
	(56,42),
	(57,42),
	(58,42),
	(59,42),
	(60,42),
	(64,42),
	(67,42),
	(68,42),
	(70,42),
	(71,42),
	(72,42),
	(74,42);

/*!40000 ALTER TABLE `environment_revision` ENABLE KEYS */;
UNLOCK TABLES;


# Affichage de la table field_type
# ------------------------------------------------------------

DROP TABLE IF EXISTS `field_type`;

CREATE TABLE `field_type` (
  `id` int(11) NOT NULL AUTO_INCREMENT,
  `content_type_id` bigint(20) DEFAULT NULL,
  `parent_id` int(11) DEFAULT NULL,
  `created` datetime NOT NULL,
  `modified` datetime NOT NULL,
  `type` varchar(255) COLLATE utf8_unicode_ci NOT NULL,
  `name` varchar(255) COLLATE utf8_unicode_ci NOT NULL,
  `label` varchar(255) COLLATE utf8_unicode_ci NOT NULL,
  `deleted` tinyint(1) NOT NULL,
  `description` longtext COLLATE utf8_unicode_ci,
  `mapping` longtext COLLATE utf8_unicode_ci,
  `editOptions` longtext COLLATE utf8_unicode_ci,
  `viewOptions` longtext COLLATE utf8_unicode_ci,
  `orderKey` int(11) NOT NULL,
  `many` tinyint(1) NOT NULL,
  `icon` varchar(100) COLLATE utf8_unicode_ci DEFAULT NULL,
  PRIMARY KEY (`id`),
  KEY `IDX_9F123E93727ACA70` (`parent_id`),
  KEY `IDX_9F123E931A445520` (`content_type_id`),
  CONSTRAINT `FK_9F123E931A445520` FOREIGN KEY (`content_type_id`) REFERENCES `content_type` (`id`),
  CONSTRAINT `FK_9F123E93727ACA70` FOREIGN KEY (`parent_id`) REFERENCES `field_type` (`id`)
) ENGINE=InnoDB DEFAULT CHARSET=utf8 COLLATE=utf8_unicode_ci;

LOCK TABLES `field_type` WRITE;
/*!40000 ALTER TABLE `field_type` DISABLE KEYS */;

INSERT INTO `field_type` (`id`, `content_type_id`, `parent_id`, `created`, `modified`, `type`, `name`, `label`, `deleted`, `description`, `mapping`, `editOptions`, `viewOptions`, `orderKey`, `many`, `icon`)
VALUES
	(1,1,NULL,'2016-01-01 00:00:00','2016-01-01 00:00:00','AppBundle\\Form\\ContainerType','dataField','',0,NULL,NULL,NULL,NULL,0,0,NULL),
	(4,1,1,'2016-01-01 00:00:00','2016-01-01 00:00:00','AppBundle\\Form\\OuuidType','key','Key',0,NULL,NULL,NULL,NULL,0,0,'fa fa-key'),
	(5,1,1,'2016-01-01 00:00:00','2016-01-01 00:00:00','AppBundle\\Form\\ContainerType','translations','Translations',0,NULL,NULL,NULL,NULL,0,0,'fa fa-language'),
	(6,1,5,'2016-01-01 00:00:00','2016-01-01 00:00:00','AppBundle\\Form\\StringType','value_en','English',0,NULL,NULL,NULL,NULL,0,0,''),
	(7,1,5,'2016-01-01 00:00:00','2016-01-01 00:00:00','AppBundle\\Form\\StringType','value_fr','Français',0,NULL,NULL,NULL,NULL,0,0,''),
	(8,1,5,'2016-01-01 00:00:00','2016-01-01 00:00:00','AppBundle\\Form\\StringType','value_nl','Nederlands',0,NULL,NULL,NULL,NULL,0,0,''),
	(9,2,NULL,'2016-01-01 00:00:00','2016-01-01 00:00:00','AppBundle\\Form\\ContainerType','dataField','',0,NULL,NULL,NULL,NULL,0,0,NULL);

/*!40000 ALTER TABLE `field_type` ENABLE KEYS */;
UNLOCK TABLES;


# Affichage de la table revision
# ------------------------------------------------------------

DROP TABLE IF EXISTS `revision`;

CREATE TABLE `revision` (
  `id` int(11) NOT NULL AUTO_INCREMENT,
  `content_type_id` bigint(20) DEFAULT NULL,
  `data_field_id` int(11) DEFAULT NULL,
  `created` datetime NOT NULL,
  `modified` datetime NOT NULL,
  `deleted` tinyint(1) NOT NULL,
  `version` int(11) NOT NULL DEFAULT '1',
  `ouuid` varchar(255) COLLATE utf8_unicode_ci DEFAULT NULL,
  `start_time` datetime NOT NULL,
  `end_time` datetime DEFAULT NULL,
  `draft` tinyint(1) NOT NULL,
  `lock_by` varchar(255) COLLATE utf8_unicode_ci DEFAULT NULL,
  `lock_until` datetime DEFAULT NULL,
  PRIMARY KEY (`id`),
  UNIQUE KEY `UNIQ_6D6315CC8EE9CE6C` (`data_field_id`),
  UNIQUE KEY `tuple_index` (`end_time`,`ouuid`),
  KEY `IDX_6D6315CC1A445520` (`content_type_id`),
  CONSTRAINT `FK_6D6315CC1A445520` FOREIGN KEY (`content_type_id`) REFERENCES `content_type` (`id`),
  CONSTRAINT `FK_6D6315CC8EE9CE6C` FOREIGN KEY (`data_field_id`) REFERENCES `data_field` (`id`)
) ENGINE=InnoDB DEFAULT CHARSET=utf8 COLLATE=utf8_unicode_ci;

LOCK TABLES `revision` WRITE;
/*!40000 ALTER TABLE `revision` DISABLE KEYS */;

INSERT INTO `revision` (`id`, `content_type_id`, `data_field_id`, `created`, `modified`, `deleted`, `version`, `ouuid`, `start_time`, `end_time`, `draft`, `lock_by`, `lock_until`)
VALUES
	(1,1,1,'2016-02-19 21:18:49','2016-02-22 09:51:58',0,7,'AVL7L3FigEQtjLergsxk','2016-02-19 21:18:49','2016-02-22 09:51:50',0,'admin','2016-02-19 21:23:49'),
	(2,1,7,'2016-02-19 21:20:34','2016-02-22 09:52:29',0,6,'AVL7MRj5gEQtjLergsxl','2016-02-19 21:20:34','2016-02-22 09:52:27',0,'admin','2016-02-19 21:25:34'),
	(3,1,13,'2016-02-19 21:27:13','2016-02-22 09:53:17',0,5,'AVL7OlbJgEQtjLergsxo','2016-02-19 21:27:13','2016-02-22 09:53:17',0,'admin','2016-02-19 21:32:13'),
	(4,1,19,'2016-02-19 21:31:16','2016-02-22 09:53:32',0,4,'fsdfsdfsdf','2016-02-19 21:31:16','2016-02-22 09:53:32',0,'admin','2016-02-19 21:36:16'),
	(5,1,25,'2016-02-19 21:32:50','2016-02-22 09:53:58',0,4,'AVL7PETqgEQtjLergsxp','2016-02-19 21:32:50','2016-02-22 09:53:58',0,'admin','2016-02-19 21:37:50'),
	(6,1,31,'2016-02-19 21:34:37','2016-02-22 09:55:58',0,4,'AVL7Pe05gEQtjLergsxq','2016-02-19 21:34:37','2016-02-22 09:55:58',0,'admin','2016-02-19 21:39:37'),
	(7,1,37,'2016-02-19 21:35:06','2016-02-22 09:56:28',0,4,'dfdfdfdf','2016-02-19 21:35:06','2016-02-22 09:56:28',0,'admin','2016-02-19 21:40:06'),
	(8,1,43,'2016-02-19 21:52:05','2016-02-22 10:50:08',0,4,'AVL7TePWgEQtjLergsxu','2016-02-19 21:52:05','2016-02-22 10:50:08',0,'admin','2016-02-19 21:57:05'),
	(9,1,49,'2016-02-19 21:58:43','2016-02-19 21:58:51',0,3,'cscsdcsd','2016-02-19 21:58:43',NULL,0,'admin','2016-02-19 22:03:43'),
	(10,1,55,'2016-02-19 22:02:06','2016-02-22 10:49:56',0,5,'dssddsds','2016-02-19 22:02:06',NULL,0,'admin','2016-02-19 22:07:06'),
	(11,1,61,'2016-02-19 22:23:12','2016-02-19 22:52:15',0,3,'dssddsdseeeee','2016-02-19 22:23:12',NULL,0,'admin','2016-02-19 22:28:12'),
	(12,1,67,'2016-02-19 22:52:23','2016-02-19 22:52:30',0,3,'AVL7hRkugEQtjLergsxy','2016-02-19 22:52:23',NULL,0,'admin','2016-02-19 22:57:23'),
	(13,2,73,'2016-02-19 22:59:50','2016-02-22 09:47:56',0,4,'AVL-GKEwgEQtjLergsx4','2016-02-19 22:59:50','2016-02-22 09:47:56',0,'admin','2016-02-19 23:04:50'),
	(14,1,74,'2016-02-19 23:04:00','2016-02-19 23:14:58',0,6,'AVL7mSdqgEQtjLergsx1','2016-02-19 23:04:00',NULL,0,'admin','2016-02-19 23:09:00'),
	(15,1,80,'2016-02-19 23:19:48','2016-02-19 23:19:59',0,3,'AVL7nkKsgEQtjLergsx2','2016-02-19 23:19:48',NULL,0,'admin','2016-02-19 23:24:48'),
	(18,1,86,'2016-02-20 10:53:31','2016-02-20 10:53:56',0,4,'AVL-GZjxgEQtjLergsx5','2016-02-20 10:53:31',NULL,0,'admin','2016-02-20 10:58:31'),
	(19,1,92,'2016-02-20 12:26:38','2016-02-20 12:26:44',0,3,'AVL-bpCpgEQtjLergsx8','2016-02-20 12:26:38',NULL,0,'admin','2016-02-20 12:31:38'),
	(20,1,98,'2016-02-20 13:26:05','2016-02-20 13:26:18',0,3,'AVL-pRa8gEQtjLergsx-','2016-02-20 13:26:05',NULL,0,'admin','2016-02-20 13:31:05'),
	(21,1,104,'2016-02-20 13:28:28','2016-02-20 13:38:36',0,4,'AVL-pz_OgEQtjLergsx_','2016-02-20 13:28:28',NULL,0,'admin','2016-02-20 13:33:28'),
	(23,1,116,'2016-02-21 12:06:50','2016-02-21 12:06:59',0,3,'ddddd','2016-02-21 12:06:50',NULL,0,'admin','2016-02-21 12:11:50'),
	(26,1,128,'2016-02-21 12:08:17','2016-02-21 12:08:27',0,3,'dddd','2016-02-21 12:08:17',NULL,0,'admin','2016-02-21 12:13:17'),
	(31,1,158,'2016-02-21 13:04:12','2016-02-21 13:04:24',0,3,'AVMDt2hH5uThDdEL5_Oy','2016-02-21 13:04:12',NULL,0,'admin','2016-02-21 13:09:12'),
	(32,1,164,'2016-02-21 13:06:14','2016-02-21 13:06:24',0,3,'AVMDuTvm5uThDdEL5_Oz','2016-02-21 13:06:14',NULL,0,'admin','2016-02-21 13:11:14'),
	(33,1,170,'2016-02-21 13:06:37','2016-02-21 13:06:48',0,3,'dddddd','2016-02-21 13:06:37',NULL,0,'admin','2016-02-21 13:11:37'),
	(34,1,176,'2016-02-21 13:07:22','2016-02-21 14:14:20',0,10,'AVMDujqf5uThDdEL5_O0','2016-02-21 13:07:22','2016-02-21 14:14:20',0,'admin','2016-02-21 13:12:22'),
	(39,1,200,'2016-02-21 14:14:20','2016-02-21 14:15:04',0,2,'AVMDujqf5uThDdEL5_O0','2016-02-21 14:14:20',NULL,0,NULL,NULL),
	(40,1,206,'2016-02-21 22:38:26','2016-02-21 23:10:24',0,5,'AVMFxRAp5uThDdEL5_O6','2016-02-21 22:38:26','2016-02-21 22:39:01',0,'admin','2016-02-21 22:43:26'),
	(41,1,212,'2016-02-21 22:39:01','2016-02-21 22:39:48',0,3,'AVMFxRAp5uThDdEL5_O6','2016-02-21 22:39:01','2016-02-21 22:39:48',0,NULL,NULL),
	(42,1,218,'2016-02-21 22:39:48','2016-02-21 22:40:28',0,3,'AVMFxRAp5uThDdEL5_O6','2016-02-21 22:39:48','2016-02-21 22:40:28',0,NULL,NULL),
	(43,1,224,'2016-02-21 22:40:28','2016-02-21 23:10:24',0,4,'AVMFxRAp5uThDdEL5_O6','2016-02-21 22:40:28','2016-02-21 22:45:16',0,NULL,NULL),
	(44,1,230,'2016-02-21 22:45:16','2016-02-21 23:10:58',0,6,'AVMFxRAp5uThDdEL5_O6','2016-02-21 22:45:16','2016-02-21 23:10:44',0,NULL,NULL),
	(45,1,236,'2016-02-21 23:10:44','2016-02-21 23:10:58',0,2,'AVMFxRAp5uThDdEL5_O6','2016-02-21 23:10:44',NULL,0,NULL,NULL),
	(46,1,242,'2016-02-22 09:19:05','2016-02-22 09:19:33',0,5,'ljflskdjfd','2016-02-22 09:19:05','2016-02-22 09:19:26',0,'admin','2016-02-22 09:24:05'),
	(47,1,248,'2016-02-22 09:19:26','2016-02-22 09:25:20',0,4,'ljflskdjfd','2016-02-22 09:19:26','2016-02-22 09:23:21',0,NULL,NULL),
	(48,1,254,'2016-02-22 09:23:21','2016-02-22 09:25:43',0,4,'ljflskdjfd','2016-02-22 09:23:21','2016-02-22 09:25:32',0,NULL,NULL),
	(49,1,260,'2016-02-22 09:25:32','2016-02-22 09:26:20',0,4,'ljflskdjfd','2016-02-22 09:25:32','2016-02-22 09:26:10',0,NULL,NULL),
	(50,1,266,'2016-02-22 09:26:10','2016-02-22 09:26:20',0,2,'ljflskdjfd','2016-02-22 09:26:10',NULL,0,NULL,NULL),
	(51,2,272,'2016-02-22 09:47:56','2016-02-22 09:47:59',0,2,'AVL-GKEwgEQtjLergsx4','2016-02-22 09:47:56',NULL,0,NULL,NULL),
	(52,2,273,'2016-02-22 09:48:37','2016-02-22 09:48:42',0,3,'AVMIKpZm5uThDdEL5_O9','2016-02-22 09:48:37',NULL,0,'admin','2016-02-22 09:53:37'),
	(54,1,280,'2016-02-22 09:51:50','2016-02-22 09:52:19',0,3,'AVL7L3FigEQtjLergsxk','2016-02-22 09:51:50',NULL,0,NULL,NULL),
	(55,1,286,'2016-02-22 09:52:27','2016-02-22 09:52:29',0,2,'AVL7MRj5gEQtjLergsxl','2016-02-22 09:52:27',NULL,0,NULL,NULL),
	(56,1,292,'2016-02-22 09:53:17','2016-02-22 09:53:20',0,2,'AVL7OlbJgEQtjLergsxo','2016-02-22 09:53:17',NULL,0,NULL,NULL),
	(57,1,298,'2016-02-22 09:53:32','2016-02-22 09:53:34',0,2,'fsdfsdfsdf','2016-02-22 09:53:32',NULL,0,NULL,NULL),
	(58,1,304,'2016-02-22 09:53:58','2016-02-22 09:54:01',0,2,'AVL7PETqgEQtjLergsxp','2016-02-22 09:53:58',NULL,0,NULL,NULL),
	(59,1,310,'2016-02-22 09:55:58','2016-02-22 09:56:00',0,2,'AVL7Pe05gEQtjLergsxq','2016-02-22 09:55:58',NULL,0,NULL,NULL),
	(60,1,316,'2016-02-22 09:56:28','2016-02-22 10:48:46',0,4,'dfdfdfdf','2016-02-22 09:56:28',NULL,0,NULL,NULL),
	(62,1,328,'2016-02-22 10:50:08','2016-02-22 12:55:59',0,4,'AVL7TePWgEQtjLergsxu','2016-02-22 10:50:08','2016-02-22 11:56:53',0,NULL,NULL),
	(64,1,334,'2016-02-22 11:56:53','2016-02-22 12:55:59',0,2,'AVL7TePWgEQtjLergsxu','2016-02-22 11:56:53',NULL,0,NULL,NULL),
	(65,1,340,'2016-02-23 13:11:35','2016-02-23 13:15:48',0,5,'AVMODK0XzbTdUSH6o34w','2016-02-23 13:11:35','2016-02-23 13:15:06',0,'admin','2016-02-23 13:16:35'),
	(67,1,352,'2016-02-23 13:15:06','2016-02-23 13:15:48',0,2,'AVMODK0XzbTdUSH6o34w','2016-02-23 13:15:06',NULL,0,NULL,NULL),
	(68,1,358,'2016-02-23 13:50:11','2016-02-23 13:50:26',0,3,'home.welcomeMessage','2016-02-23 13:50:11',NULL,0,'admin','2016-02-23 13:55:11'),
	(69,1,364,'2016-02-23 14:38:09','2016-02-23 14:39:58',0,5,'test.testDemo','2016-02-23 14:38:09','2016-02-23 14:39:32',0,'admin','2016-02-23 14:43:09'),
	(70,1,370,'2016-02-23 14:39:32','2016-02-23 14:39:58',0,2,'test.testDemo','2016-02-23 14:39:32',NULL,0,NULL,NULL),
	(71,1,376,'2016-02-23 14:44:43','2016-02-23 14:45:09',0,3,'AVMOYF0AzbTdUSH6o340','2016-02-23 14:44:43',NULL,0,'admin','2016-02-23 14:49:43'),
	(72,2,382,'2016-02-24 00:13:17','2016-02-24 00:13:28',0,3,'AVMQaKpNzbTdUSH6o375','2016-02-24 00:13:17',NULL,0,'admin','2016-02-24 00:18:17'),
	(73,1,383,'2016-02-24 09:28:23','2016-02-24 09:30:14',0,5,'AVMSZav2zbTdUSH6o38m','2016-02-24 09:28:23','2016-02-24 09:29:55',0,'admin','2016-02-24 09:33:23'),
	(74,1,389,'2016-02-24 09:29:55','2016-02-24 09:30:14',0,2,'AVMSZav2zbTdUSH6o38m','2016-02-24 09:29:55',NULL,0,NULL,NULL),
	(75,1,NULL,'2016-02-24 09:31:52','2016-02-24 09:31:52',0,1,NULL,'2016-02-24 09:31:52',NULL,1,'admin','2016-02-24 09:36:52');

/*!40000 ALTER TABLE `revision` ENABLE KEYS */;
UNLOCK TABLES;



/*!40111 SET SQL_NOTES=@OLD_SQL_NOTES */;
/*!40101 SET SQL_MODE=@OLD_SQL_MODE */;
/*!40014 SET FOREIGN_KEY_CHECKS=@OLD_FOREIGN_KEY_CHECKS */;
/*!40101 SET CHARACTER_SET_CLIENT=@OLD_CHARACTER_SET_CLIENT */;
/*!40101 SET CHARACTER_SET_RESULTS=@OLD_CHARACTER_SET_RESULTS */;
/*!40101 SET COLLATION_CONNECTION=@OLD_COLLATION_CONNECTION */;
